Symbol,Name,Model,r,g,payout,Price
A016610,DB증권,DDM,0.06,-0.1,0.25,0.0016577671120106944
A016610,DB증권,RIM,0.06,-0.1,0.25,1.2942746456224905
A016610,DB증권,DDM,0.06,-0.1,0.25,0.0016577671120106944
A016610,DB증권,RIM,0.06,-0.1,0.25,1.2942746456224905
A016610,DB증권,DDM,0.06,-0.1,0.25,0.0016577671120106944
A016610,DB증권,RIM,0.06,-0.1,0.25,1.2942746456224905
A016610,DB증권,DDM,0.06,-0.1,0.25,0.0016577671120106944
A016610,DB증권,RIM,0.06,-0.1,0.25,1.2942746456224905
A016610,DB증권,DDM,0.06,-0.1,0.25,0.0016577671120106944
A016610,DB증권,RIM,0.06,-0.1,0.25,1.2942746456224905
A016610,DB증권,DDM,0.07,-0.1,0.25,0.001560251399539477
A016610,DB증권,RIM,0.07,-0.1,0.25,1.1622993251537532
A016610,DB증권,DDM,0.07,-0.1,0.25,0.001560251399539477
A016610,DB증권,RIM,0.07,-0.1,0.25,1.1622993251537532
A016610,DB증권,DDM,0.07,-0.1,0.25,0.001560251399539477
A016610,DB증권,RIM,0.07,-0.1,0.25,1.1622993251537532
A016610,DB증권,DDM,0.07,-0.1,0.25,0.001560251399539477
A016610,DB증권,RIM,0.07,-0.1,0.25,1.1622993251537532
A016610,DB증권,DDM,0.07,-0.1,0.25,0.001560251399539477
A016610,DB증권,RIM,0.07,-0.1,0.25,1.1622993251537532
A016610,DB증권,DDM,0.08,-0.1,0.25,0.0014735707662317285
A016610,DB증권,RIM,0.08,-0.1,0.25,1.0478644419009118
A016610,DB증권,DDM,0.08,-0.1,0.25,0.0014735707662317285
A016610,DB증권,RIM,0.08,-0.1,0.25,1.0478644419009118
A016610,DB증권,DDM,0.08,-0.1,0.25,0.0014735707662317285
A016610,DB증권,RIM,0.08,-0.1,0.25,1.0478644419009118
A016610,DB증권,DDM,0.08,-0.1,0.25,0.0014735707662317285
A016610,DB증권,RIM,0.08,-0.1,0.25,1.0478644419009118
A016610,DB증권,DDM,0.08,-0.1,0.25,0.0014735707662317285
A016610,DB증권,RIM,0.08,-0.1,0.25,1.0478644419009118
A016610,DB증권,DDM,0.09,-0.1,0.25,0.001396014410114269
A016610,DB증권,RIM,0.09,-0.1,0.25,0.9480286230070017
A016610,DB증권,DDM,0.09,-0.1,0.25,0.001396014410114269
A016610,DB증권,RIM,0.09,-0.1,0.25,0.9480286230070017
A016610,DB증권,DDM,0.09,-0.1,0.25,0.001396014410114269
A016610,DB증권,RIM,0.09,-0.1,0.25,0.9480286230070017
A016610,DB증권,DDM,0.09,-0.1,0.25,0.001396014410114269
A016610,DB증권,RIM,0.09,-0.1,0.25,0.9480286230070017
A016610,DB증권,DDM,0.09,-0.1,0.25,0.001396014410114269
A016610,DB증권,RIM,0.09,-0.1,0.25,0.9480286230070017
A016610,DB증권,DDM,0.1,-0.1,0.25,0.0013262136896085555
A016610,DB증권,RIM,0.1,-0.1,0.25,0.8604504278695342
A016610,DB증권,DDM,0.1,-0.1,0.25,0.0013262136896085555
A016610,DB증권,RIM,0.1,-0.1,0.25,0.8604504278695342
A016610,DB증권,DDM,0.1,-0.1,0.25,0.0013262136896085555
A016610,DB증권,RIM,0.1,-0.1,0.25,0.8604504278695342
A016610,DB증권,DDM,0.1,-0.1,0.25,0.0013262136896085555
A016610,DB증권,RIM,0.1,-0.1,0.25,0.8604504278695342
A016610,DB증권,DDM,0.1,-0.1,0.25,0.0013262136896085555
A016610,DB증권,RIM,0.1,-0.1,0.25,0.8604504278695342
A030610,교보증권,DDM,0.06,-0.07686385332020079,0.25,0.0012536914308837268
A030610,교보증권,RIM,0.06,-0.07686385332020079,0.25,0.6937489351278249
A030610,교보증권,DDM,0.06,-0.0718638533202008,0.25,0.0013082766436903126
A030610,교보증권,RIM,0.06,-0.0718638533202008,0.25,0.6733597854919954
A030610,교보증권,DDM,0.06,-0.0668638533202008,0.25,0.0013671645172925481
A030610,교보증권,RIM,0.06,-0.0668638533202008,0.25,0.6513633427940987
A030610,교보증권,DDM,0.06,-0.0618638533202008,0.25,0.0014308846583799993
A030610,교보증권,RIM,0.06,-0.0618638533202008,0.25,0.6275617677153401
A030610,교보증권,DDM,0.06,-0.056863853320200795,0.25,0.0015000573101691872
A030610,교보증권,RIM,0.06,-0.056863853320200795,0.25,0.6017233628492746
A030610,교보증권,DDM,0.07,-0.07686385332020079,0.25,0.0011683272379566653
A030610,교보증권,RIM,0.07,-0.07686385332020079,0.25,0.616885564167078
A030610,교보증권,DDM,0.07,-0.0718638533202008,0.25,0.0012160560664910309
A030610,교보증권,RIM,0.07,-0.0718638533202008,0.25,0.5972149287673977
A030610,교보증권,DDM,0.07,-0.0668638533202008,0.25,0.0012672722167233108
A030610,교보증권,RIM,0.07,-0.0668638533202008,0.25,0.5761069380579202
A030610,교보증권,DDM,0.07,-0.0618638533202008,0.25,0.0013223723843676946
A030610,교보증권,RIM,0.07,-0.0618638533202008,0.25,0.5533980870627777
A030610,교보증권,DDM,0.07,-0.056863853320200795,0.25,0.0013818158039473095
A030610,교보증권,RIM,0.07,-0.056863853320200795,0.25,0.5288990943563396
A030610,교보증권,DDM,0.08,-0.07686385332020079,0.25,0.0010938469027342607
A030610,교보증권,RIM,0.08,-0.07686385332020079,0.25,0.5513352739232419
A030610,교보증권,DDM,0.08,-0.0718638533202008,0.25,0.0011359806542119147
A030610,교보증권,RIM,0.08,-0.0718638533202008,0.25,0.532559614670405
A030610,교보증권,DDM,0.08,-0.0668638533202008,0.25,0.0011809833043685237
A030610,교보증권,RIM,0.08,-0.0668638533202008,0.25,0.5125054109879424
A030610,교보증권,DDM,0.08,-0.0618638533202008,0.25,0.0012291581967209678
A030610,교보증권,RIM,0.08,-0.0618638533202008,0.25,0.49103747527841574
A030610,교보증권,DDM,0.08,-0.056863853320200795,0.25,0.0012808530025628952
A030610,교보증권,RIM,0.08,-0.056863853320200795,0.25,0.4680008648949882
A030610,교보증권,DDM,0.09,-0.07686385332020079,0.25,0.0010282936459342252
A030610,교보증권,RIM,0.09,-0.07686385332020079,0.25,0.4949744190752557
A030610,교보증권,DDM,0.09,-0.0718638533202008,0.25,0.001065799410474642
A030610,교보증권,RIM,0.09,-0.0718638533202008,0.25,0.47717788959525276
A030610,교보증권,DDM,0.09,-0.0668638533202008,0.25,0.0011056961506124684
A030610,교보증권,RIM,0.09,-0.0668638533202008,0.25,0.4582467430770153
A030610,교보증권,DDM,0.09,-0.0618638533202008,0.25,0.0011482200294186194
A030610,교보증권,RIM,0.09,-0.0618638533202008,0.25,0.43806890990925984
A030610,교보증권,DDM,0.09,-0.056863853320200795,0.25,0.0011936393707803823
A030610,교보증권,RIM,0.09,-0.056863853320200795,0.25,0.4165170587779885
A030610,교보증권,DDM,0.1,-0.07686385332020079,0.25,0.0009701532386870436
A030610,교보증권,RIM,0.1,-0.07686385332020079,0.25,0.44616568758853026
A030610,교보증권,DDM,0.1,-0.0718638533202008,0.25,0.0010037852411257828
A030610,교보증권,RIM,0.1,-0.0718638533202008,0.25,0.429375362743838
A030610,교보증권,DDM,0.1,-0.0668638533202008,0.25,0.0010394327790906141
A030610,교보증권,RIM,0.1,-0.0668638533202008,0.25,0.4115787199432951
A030610,교보증권,DDM,0.1,-0.0618638533202008,0.25,0.001077282633213971
A030610,교보증권,RIM,0.1,-0.0618638533202008,0.25,0.3926825028068536
A030610,교보증권,DDM,0.1,-0.056863853320200795,0.25,0.0011175453984906764
A030610,교보증권,RIM,0.1,-0.056863853320200795,0.25,0.37258156484841265
A030210,다올투자증권,DDM,0.06,-0.1,0.25,0.0019895326596413303
A030210,다올투자증권,RIM,0.06,-0.1,0.25,0.6431395594122837
A030210,다올투자증권,DDM,0.06,-0.1,0.25,0.0019895326596413303
A030210,다올투자증권,RIM,0.06,-0.1,0.25,0.6431395594122837
A030210,다올투자증권,DDM,0.06,-0.1,0.25,0.0019895326596413303
A030210,다올투자증권,RIM,0.06,-0.1,0.25,0.6431395594122837
A030210,다올투자증권,DDM,0.06,-0.1,0.25,0.0019895326596413303
A030210,다올투자증권,RIM,0.06,-0.1,0.25,0.6431395594122837
A030210,다올투자증권,DDM,0.06,-0.1,0.25,0.0019895326596413303
A030210,다올투자증권,RIM,0.06,-0.1,0.25,0.6431395594122837
A030210,다올투자증권,DDM,0.07,-0.1,0.25,0.001872501326721252
A030210,다올투자증권,RIM,0.07,-0.1,0.25,0.5776043161889362
A030210,다올투자증권,DDM,0.07,-0.1,0.25,0.001872501326721252
A030210,다올투자증권,RIM,0.07,-0.1,0.25,0.5776043161889362
A030210,다올투자증권,DDM,0.07,-0.1,0.25,0.001872501326721252
A030210,다올투자증권,RIM,0.07,-0.1,0.25,0.5776043161889362
A030210,다올투자증권,DDM,0.07,-0.1,0.25,0.001872501326721252
A030210,다올투자증권,RIM,0.07,-0.1,0.25,0.5776043161889362
A030210,다올투자증권,DDM,0.07,-0.1,0.25,0.001872501326721252
A030210,다올투자증권,RIM,0.07,-0.1,0.25,0.5776043161889362
A030210,다올투자증권,DDM,0.08,-0.1,0.25,0.0017684734752367382
A030210,다올투자증권,RIM,0.08,-0.1,0.25,0.5207785123952507
A030210,다올투자증권,DDM,0.08,-0.1,0.25,0.0017684734752367382
A030210,다올투자증권,RIM,0.08,-0.1,0.25,0.5207785123952507
A030210,다올투자증권,DDM,0.08,-0.1,0.25,0.0017684734752367382
A030210,다올투자증권,RIM,0.08,-0.1,0.25,0.5207785123952507
A030210,다올투자증권,DDM,0.08,-0.1,0.25,0.0017684734752367382
A030210,다올투자증권,RIM,0.08,-0.1,0.25,0.5207785123952507
A030210,다올투자증권,DDM,0.08,-0.1,0.25,0.0017684734752367382
A030210,다올투자증권,RIM,0.08,-0.1,0.25,0.5207785123952507
A030210,다올투자증권,DDM,0.09,-0.1,0.25,0.0016753959239084887
A030210,다올투자증권,RIM,0.09,-0.1,0.25,0.47120165605598996
A030210,다올투자증권,DDM,0.09,-0.1,0.25,0.0016753959239084887
A030210,다올투자증권,RIM,0.09,-0.1,0.25,0.47120165605598996
A030210,다올투자증권,DDM,0.09,-0.1,0.25,0.0016753959239084887
A030210,다올투자증권,RIM,0.09,-0.1,0.25,0.47120165605598996
A030210,다올투자증권,DDM,0.09,-0.1,0.25,0.0016753959239084887
A030210,다올투자증권,RIM,0.09,-0.1,0.25,0.47120165605598996
A030210,다올투자증권,DDM,0.09,-0.1,0.25,0.0016753959239084887
A030210,다올투자증권,RIM,0.09,-0.1,0.25,0.47120165605598996
A030210,다올투자증권,DDM,0.1,-0.1,0.25,0.0015916261277130641
A030210,다올투자증권,RIM,0.1,-0.1,0.25,0.42771114343330896
A030210,다올투자증권,DDM,0.1,-0.1,0.25,0.0015916261277130641
A030210,다올투자증권,RIM,0.1,-0.1,0.25,0.42771114343330896
A030210,다올투자증권,DDM,0.1,-0.1,0.25,0.0015916261277130641
A030210,다올투자증권,RIM,0.1,-0.1,0.25,0.42771114343330896
A030210,다올투자증권,DDM,0.1,-0.1,0.25,0.0015916261277130641
A030210,다올투자증권,RIM,0.1,-0.1,0.25,0.42771114343330896
A030210,다올투자증권,DDM,0.1,-0.1,0.25,0.0015916261277130641
A030210,다올투자증권,RIM,0.1,-0.1,0.25,0.42771114343330896
A001750,한양증권,DDM,0.06,-0.07935542504672449,0.25,0.005993939682501498
A001750,한양증권,RIM,0.06,-0.07935542504672449,0.25,1.6481411839508808
A001750,한양증권,DDM,0.06,-0.0743554250467245,0.25,0.006250766891569588
A001750,한양증권,RIM,0.06,-0.0743554250467245,0.25,1.6024043650933355
A001750,한양증권,DDM,0.06,-0.0693554250467245,0.25,0.006527448483163599
A001750,한양증권,RIM,0.06,-0.0693554250467245,0.25,1.5531312107115671
A001750,한양증권,DDM,0.06,-0.0643554250467245,0.25,0.006826379332599803
A001750,한양증권,RIM,0.06,-0.0643554250467245,0.25,1.4998951584079874
A001750,한양증권,DDM,0.06,-0.059355425046724496,0.25,0.007150355616654432
A001750,한양증권,RIM,0.06,-0.059355425046724496,0.25,1.442198168104137
A001750,한양증권,DDM,0.07,-0.07935542504672449,0.25,0.005592619162632444
A001750,한양증권,RIM,0.07,-0.07935542504672449,0.25,1.467381503297857
A001750,한양증권,DDM,0.07,-0.0743554250467245,0.25,0.005817754631064216
A001750,한양증권,RIM,0.07,-0.0743554250467245,0.25,1.4231213014455495
A001750,한양증권,DDM,0.07,-0.0693554250467245,0.25,0.006059045585969248
A001750,한양증권,RIM,0.07,-0.0693554250467245,0.25,1.375684497588524
A001750,한양증권,DDM,0.07,-0.0643554250467245,0.25,0.0063182956932360925
A001750,한양증권,RIM,0.07,-0.0643554250467245,0.25,1.3247164402591747
A001750,한양증권,DDM,0.07,-0.059355425046724496,0.25,0.006597587488524386
A001750,한양증권,RIM,0.07,-0.059355425046724496,0.25,1.2698076443373114
A001750,한양증권,DDM,0.08,-0.07935542504672449,0.25,0.0052416666198500045
A001750,한양증권,RIM,0.08,-0.07935542504672449,0.25,1.3129089620532237
A001750,한양증권,DDM,0.08,-0.0743554250467245,0.25,0.005440848239254331
A001750,한양증권,RIM,0.08,-0.0743554250467245,0.25,1.2705525661322277
A001750,한양증권,DDM,0.08,-0.0693554250467245,0.25,0.005653365940648448
A001750,한양증권,RIM,0.08,-0.0693554250467245,0.25,1.2253597324230288
A001750,한양증권,DDM,0.08,-0.0643554250467245,0.25,0.005880605478878647
A001750,한양증권,RIM,0.08,-0.0643554250467245,0.25,1.177035723905411
A001750,한양증권,DDM,0.08,-0.059355425046724496,0.25,0.006124151489436997
A001750,한양증권,RIM,0.08,-0.059355425046724496,0.25,1.125243503508518
A001750,한양증권,DDM,0.09,-0.07935542504672449,0.25,0.004932159757675153
A001750,한양증권,RIM,0.09,-0.07935542504672449,0.25,1.1798533004088212
A001750,한양증권,DDM,0.09,-0.0743554250467245,0.25,0.005109806642196761
A001750,한양증권,RIM,0.09,-0.0743554250467245,0.25,1.13961555657858
A001750,한양증권,DDM,0.09,-0.0693554250467245,0.25,0.005298601367117874
A001750,한양증권,RIM,0.09,-0.0693554250467245,0.25,1.0968523288365588
A001750,한양증권,DDM,0.09,-0.0643554250467245,0.25,0.005499627260775944
A001750,한양증권,RIM,0.09,-0.0643554250467245,0.25,1.0513181928230149
A001750,한양증권,DDM,0.09,-0.059355425046724496,0.25,0.005714112718664451
A001750,한양증권,RIM,0.09,-0.059355425046724496,0.25,1.0027348596982757
A001750,한양증권,DDM,0.1,-0.07935542504672449,0.25,0.004657166137806099
A001750,한양증권,RIM,0.1,-0.07935542504672449,0.25,1.064444841203155
A001750,한양증권,DDM,0.1,-0.0743554250467245,0.25,0.004816738236620771
A001750,한양증권,RIM,0.1,-0.0743554250467245,0.25,1.026407600703312
A001750,한양증권,DDM,0.1,-0.0693554250467245,0.25,0.0049857326553151065
A001750,한양증권,RIM,0.1,-0.0693554250467245,0.25,0.9861239411915844
A001750,한양증권,DDM,0.1,-0.0643554250467245,0.25,0.005165009327768107
A001750,한양증권,RIM,0.1,-0.0643554250467245,0.25,0.9433888398712736
A001750,한양증권,DDM,0.1,-0.059355425046724496,0.25,0.005355536114385744
A001750,한양증권,RIM,0.1,-0.059355425046724496,0.25,0.8979715424267007
A001500,현대차증권,DDM,0.06,-0.0409300074954083,0.25,0.00645130746886171
A001500,현대차증권,RIM,0.06,-0.0409300074954083,0.25,1.2319990900214508
A001500,현대차증권,DDM,0.06,-0.0359300074954083,0.25,0.006822944369135392
A001500,현대차증권,RIM,0.06,-0.0359300074954083,0.25,1.1391877790646454
A001500,현대차증권,DDM,0.06,-0.0309300074954083,0.25,0.007235451924818669
A001500,현대차증권,RIM,0.06,-0.0309300074954083,0.25,1.0361689215584657
A001500,현대차증권,DDM,0.06,-0.0259300074954083,0.25,0.007695964545054668
A001500,현대차증권,RIM,0.06,-0.0259300074954083,0.25,0.9211606784645793
A001500,현대차증권,DDM,0.06,-0.020930007495408298,0.25,0.008213379744999697
A001500,현대차증권,RIM,0.06,-0.020930007495408298,0.25,0.7919408699779457
A001500,현대차증권,DDM,0.07,-0.0409300074954083,0.25,0.005869741883992462
A001500,현대차증권,RIM,0.07,-0.0409300074954083,0.25,1.069639212592427
A001500,현대차증권,DDM,0.07,-0.0359300074954083,0.25,0.006178845068997878
A001500,현대차증권,RIM,0.07,-0.0359300074954083,0.25,0.9844462871928535
A001500,현대차증권,DDM,0.07,-0.0309300074954083,0.25,0.006518573753067038
A001500,현대차증권,RIM,0.07,-0.0309300074954083,0.25,0.8908119923171237
A001500,현대차증권,DDM,0.07,-0.0259300074954083,0.25,0.006893716661833868
A001500,현대차증권,RIM,0.07,-0.0259300074954083,0.25,0.7874163990720335
A001500,현대차증권,DDM,0.07,-0.020930007495408298,0.25,0.007310115798231139
A001500,현대차증권,RIM,0.07,-0.020930007495408298,0.25,0.6726492609957705
A001500,현대차증권,DDM,0.08,-0.0409300074954083,0.25,0.005384358478701981
A001500,현대차증권,RIM,0.08,-0.0409300074954083,0.25,0.9366997335383059
A001500,현대차증권,DDM,0.08,-0.0359300074954083,0.25,0.005645864419510505
A001500,현대차증권,RIM,0.08,-0.0359300074954083,0.25,0.8587549018388226
A001500,현대차증권,DDM,0.08,-0.0309300074954083,0.25,0.005930944318954104
A001500,현대차증권,RIM,0.08,-0.0309300074954083,0.25,0.7737830662162785
A001500,현대차증권,DDM,0.08,-0.0259300074954083,0.25,0.006242936318772656
A001500,현대차증권,RIM,0.08,-0.0259300074954083,0.25,0.6807891799415872
A001500,현대차증권,DDM,0.08,-0.020930007495408298,0.25,0.006585840037272367
A001500,현대차증권,RIM,0.08,-0.020930007495408298,0.25,0.5785810206791371
A001500,현대차증권,DDM,0.09,-0.0409300074954083,0.25,0.004973119024760088
A001500,현대차증권,RIM,0.09,-0.0409300074954083,0.25,0.8262898946863733
A001500,현대차증권,DDM,0.09,-0.0359300074954083,0.25,0.005197530894261064
A001500,현대차증권,RIM,0.09,-0.0359300074954083,0.25,0.7550563384237218
A001500,현대차증권,DDM,0.09,-0.0309300074954083,0.25,0.005440499933661289
A001500,현대차증권,RIM,0.09,-0.0309300074954083,0.25,0.6779318382511976
A001500,현대차증권,DDM,0.09,-0.0259300074954083,0.25,0.005704427225773596
A001500,현대차증권,RIM,0.09,-0.0259300074954083,0.25,0.5941541721113329
A001500,현대차증권,DDM,0.09,-0.020930007495408298,0.25,0.005992146753915746
A001500,현대차증권,RIM,0.09,-0.020930007495408298,0.25,0.502823693976458
A001500,현대차증권,DDM,0.1,-0.0409300074954083,0.25,0.0046202403786050365
A001500,현대차증권,RIM,0.1,-0.0409300074954083,0.25,0.7334846669137844
A001500,현대차증권,DDM,0.1,-0.0359300074954083,0.25,0.0048151627189016505
A001500,현대차증권,RIM,0.1,-0.0359300074954083,0.25,0.6683791043589574
A001500,현대차증권,DDM,0.1,-0.0309300074954083,0.25,0.005024972581472594
A001500,현대차증권,RIM,0.1,-0.0309300074954083,0.25,0.598300571787179
A001500,현대차증권,DDM,0.1,-0.0259300074954083,0.25,0.005251443275464405
A001500,현대차증권,RIM,0.1,-0.0259300074954083,0.25,0.5226567179157017
A001500,현대차증권,DDM,0.1,-0.020930007495408298,0.25,0.005496641388620596
A001500,현대차증권,RIM,0.1,-0.020930007495408298,0.25,0.44075722548275115
A138930,BNK금융지주,DDM,0.06,0.04,0.25,0.031566859838808206
A138930,BNK금융지주,RIM,0.06,0.04,0.25,-4.8782514352427775
A138930,BNK금융지주,DDM,0.06,0.045000000000000005,0.25,0.042291498117377674
A138930,BNK금융지주,RIM,0.06,0.045000000000000005,0.25,-7.330291352289642
A138930,BNK금융지주,DDM,0.06,0.05,0.25,0.0637407746745166
A138930,BNK금융지주,RIM,0.06,0.05,0.25,-12.234377986633028
A138930,BNK금융지주,DDM,0.06,0.05,0.25,0.0637407746745166
A138930,BNK금융지주,RIM,0.06,0.05,0.25,-12.234377986633028
A138930,BNK금융지주,DDM,0.06,0.05,0.25,0.0637407746745166
A138930,BNK금융지주,RIM,0.06,0.05,0.25,-12.234377986633028
A138930,BNK금융지주,DDM,0.07,0.04,0.25,0.021044573225872134
A138930,BNK금융지주,RIM,0.07,0.04,0.25,-3.102633093229391
A138930,BNK금융지주,DDM,0.07,0.045000000000000005,0.25,0.025374898870426592
A138930,BNK금융지주,RIM,0.07,0.045000000000000005,0.25,-4.196014585472093
A138930,BNK금융지주,DDM,0.07,0.05,0.25,0.03187038733725828
A138930,BNK금융지주,RIM,0.07,0.05,0.25,-5.8360901911013245
A138930,BNK금융지주,DDM,0.07,0.05,0.25,0.03187038733725828
A138930,BNK금융지주,RIM,0.07,0.05,0.25,-5.8360901911013245
A138930,BNK금융지주,DDM,0.07,0.05,0.25,0.03187038733725828
A138930,BNK금융지주,RIM,0.07,0.05,0.25,-5.8360901911013245
A138930,BNK금융지주,DDM,0.08,0.04,0.25,0.015783429919404103
A138930,BNK금융지주,RIM,0.08,0.04,0.25,-2.220928284403336
A138930,BNK금융지주,DDM,0.08,0.045000000000000005,0.25,0.018124927764590425
A138930,BNK금융지주,RIM,0.08,0.045000000000000005,0.25,-2.860614274424855
A138930,BNK금융지주,DDM,0.08,0.05,0.25,0.021246924891505523
A138930,BNK금융지주,RIM,0.08,0.05,0.25,-3.7135311491821645
A138930,BNK금융지주,DDM,0.08,0.05,0.25,0.021246924891505523
A138930,BNK금융지주,RIM,0.08,0.05,0.25,-3.7135311491821645
A138930,BNK금융지주,DDM,0.08,0.05,0.25,0.021246924891505523
A138930,BNK금융지주,RIM,0.08,0.05,0.25,-3.7135311491821645
A138930,BNK금융지주,DDM,0.09,0.04,0.25,0.012626743935523283
A138930,BNK금융지주,RIM,0.09,0.04,0.25,-1.6964813993693724
A138930,BNK금융지주,DDM,0.09,0.045000000000000005,0.25,0.014097166039125888
A138930,BNK금융지주,RIM,0.09,0.045000000000000005,0.25,-2.1244544146918574
A138930,BNK금융지주,DDM,0.09,0.05,0.25,0.015935193668629145
A138930,BNK금융지주,RIM,0.09,0.05,0.25,-2.6594223313115375
A138930,BNK금융지주,DDM,0.09,0.05,0.25,0.015935193668629145
A138930,BNK금융지주,RIM,0.09,0.05,0.25,-2.6594223313115375
A138930,BNK금융지주,DDM,0.09,0.05,0.25,0.015935193668629145
A138930,BNK금융지주,RIM,0.09,0.05,0.25,-2.6594223313115375
A138930,BNK금융지주,DDM,0.1,0.04,0.25,0.010522286612936067
A138930,BNK금융지주,RIM,0.1,0.04,0.25,-1.350425515379659
A138930,BNK금융지주,DDM,0.1,0.045000000000000005,0.25,0.011534044941102998
A138930,BNK금융지주,RIM,0.1,0.045000000000000005,0.25,-1.660384026945012
A138930,BNK금융지주,DDM,0.1,0.05,0.25,0.012748154934903314
A138930,BNK금융지주,RIM,0.1,0.05,0.25,-2.0323355432547294
A138930,BNK금융지주,DDM,0.1,0.05,0.25,0.012748154934903314
A138930,BNK금융지주,RIM,0.1,0.05,0.25,-2.0323355432547294
A138930,BNK금융지주,DDM,0.1,0.05,0.25,0.012748154934903314
A138930,BNK금융지주,RIM,0.1,0.05,0.25,-2.0323355432547294
A001130,대한제분,DDM,0.06,0.04,0.25,0.5381573029487181
A001130,대한제분,RIM,0.06,0.04,0.25,-86.47421496297689
A001130,대한제분,DDM,0.06,0.045000000000000005,0.25,0.7209927968992442
A001130,대한제분,RIM,0.06,0.045000000000000005,0.25,-129.96153103935765
A001130,대한제분,DDM,0.06,0.05,0.25,1.0866637848002965
A001130,대한제분,RIM,0.06,0.05,0.25,-216.93628484516748
A001130,대한제분,DDM,0.06,0.05,0.25,1.0866637848002965
A001130,대한제분,RIM,0.06,0.05,0.25,-216.93628484516748
A001130,대한제분,DDM,0.06,0.05,0.25,1.0866637848002965
A001130,대한제분,RIM,0.06,0.05,0.25,-216.93628484516748
A001130,대한제분,DDM,0.07,0.04,0.25,0.35877153529914524
A001130,대한제분,RIM,0.07,0.04,0.25,-54.99855063855982
A001130,대한제분,DDM,0.07,0.045000000000000005,0.25,0.4325956781395463
A001130,대한제분,RIM,0.07,0.045000000000000005,0.25,-74.39250813271185
A001130,대한제분,DDM,0.07,0.05,0.25,0.5433318924001479
A001130,대한제분,RIM,0.07,0.05,0.25,-103.48350468562604
A001130,대한제분,DDM,0.07,0.05,0.25,0.5433318924001479
A001130,대한제분,RIM,0.07,0.05,0.25,-103.48350468562604
A001130,대한제분,DDM,0.07,0.05,0.25,0.5433318924001479
A001130,대한제분,RIM,0.07,0.05,0.25,-103.48350468562604
A001130,대한제분,DDM,0.08,0.04,0.25,0.269078651474359
A001130,대한제분,RIM,0.08,0.04,0.25,-39.36892421848593
A001130,대한제분,DDM,0.08,0.045000000000000005,0.25,0.3089969129568188
A001130,대한제분,RIM,0.08,0.045000000000000005,0.25,-50.716581899363696
A001130,대한제분,DDM,0.08,0.05,0.25,0.36222126160009865
A001130,대한제분,RIM,0.08,0.05,0.25,-65.84683197298706
A001130,대한제분,DDM,0.08,0.05,0.25,0.36222126160009865
A001130,대한제분,RIM,0.08,0.05,0.25,-65.84683197298706
A001130,대한제분,DDM,0.08,0.05,0.25,0.36222126160009865
A001130,대한제분,RIM,0.08,0.05,0.25,-65.84683197298706
A001130,대한제분,DDM,0.09,0.04,0.25,0.2152629211794872
A001130,대한제분,RIM,0.09,0.04,0.25,-30.07226293160335
A001130,대한제분,DDM,0.09,0.045000000000000005,0.25,0.240330932299748
A001130,대한제분,RIM,0.09,0.045000000000000005,0.25,-37.6648622693903
A001130,대한제분,DDM,0.09,0.05,0.25,0.27166594620007406
A001130,대한제분,RIM,0.09,0.05,0.25,-47.15564101356219
A001130,대한제분,DDM,0.09,0.05,0.25,0.27166594620007406
A001130,대한제분,RIM,0.09,0.05,0.25,-47.15564101356219
A001130,대한제분,DDM,0.09,0.05,0.25,0.27166594620007406
A001130,대한제분,RIM,0.09,0.05,0.25,-47.15564101356219
A001130,대한제분,DDM,0.1,0.04,0.25,0.17938576764957265
A001130,대한제분,RIM,0.1,0.04,0.25,-23.937866502182846
A001130,대한제분,DDM,0.1,0.045000000000000005,0.25,0.19663439915433922
A001130,대한제분,RIM,0.1,0.045000000000000005,0.25,-29.43714127919466
A001130,대한제분,DDM,0.1,0.05,0.25,0.2173327569600592
A001130,대한제분,RIM,0.1,0.05,0.25,-36.03629441281615
A001130,대한제분,DDM,0.1,0.05,0.25,0.2173327569600592
A001130,대한제분,RIM,0.1,0.05,0.25,-36.03629441281615
A001130,대한제분,DDM,0.1,0.05,0.25,0.2173327569600592
A001130,대한제분,RIM,0.1,0.05,0.25,-36.03629441281615
A008800,행남사,DDM,0.06,-0.0386283648099584,,
A008800,행남사,RIM,0.06,-0.0386283648099584,0.25,
A008800,행남사,DDM,0.06,-0.0336283648099584,,
A008800,행남사,RIM,0.06,-0.0336283648099584,0.25,
A008800,행남사,DDM,0.06,-0.0286283648099584,,
A008800,행남사,RIM,0.06,-0.0286283648099584,0.25,
A008800,행남사,DDM,0.06,-0.023628364809958398,,
A008800,행남사,RIM,0.06,-0.023628364809958398,0.25,
A008800,행남사,DDM,0.06,-0.0186283648099584,,
A008800,행남사,RIM,0.06,-0.0186283648099584,0.25,
A008800,행남사,DDM,0.07,-0.0386283648099584,,
A008800,행남사,RIM,0.07,-0.0386283648099584,0.25,
A008800,행남사,DDM,0.07,-0.0336283648099584,,
A008800,행남사,RIM,0.07,-0.0336283648099584,0.25,
A008800,행남사,DDM,0.07,-0.0286283648099584,,
A008800,행남사,RIM,0.07,-0.0286283648099584,0.25,
A008800,행남사,DDM,0.07,-0.023628364809958398,,
A008800,행남사,RIM,0.07,-0.023628364809958398,0.25,
A008800,행남사,DDM,0.07,-0.0186283648099584,,
A008800,행남사,RIM,0.07,-0.0186283648099584,0.25,
A008800,행남사,DDM,0.08,-0.0386283648099584,,
A008800,행남사,RIM,0.08,-0.0386283648099584,0.25,
A008800,행남사,DDM,0.08,-0.0336283648099584,,
A008800,행남사,RIM,0.08,-0.0336283648099584,0.25,
A008800,행남사,DDM,0.08,-0.0286283648099584,,
A008800,행남사,RIM,0.08,-0.0286283648099584,0.25,
A008800,행남사,DDM,0.08,-0.023628364809958398,,
A008800,행남사,RIM,0.08,-0.023628364809958398,0.25,
A008800,행남사,DDM,0.08,-0.0186283648099584,,
A008800,행남사,RIM,0.08,-0.0186283648099584,0.25,
A008800,행남사,DDM,0.09,-0.0386283648099584,,
A008800,행남사,RIM,0.09,-0.0386283648099584,0.25,
A008800,행남사,DDM,0.09,-0.0336283648099584,,
A008800,행남사,RIM,0.09,-0.0336283648099584,0.25,
A008800,행남사,DDM,0.09,-0.0286283648099584,,
A008800,행남사,RIM,0.09,-0.0286283648099584,0.25,
A008800,행남사,DDM,0.09,-0.023628364809958398,,
A008800,행남사,RIM,0.09,-0.023628364809958398,0.25,
A008800,행남사,DDM,0.09,-0.0186283648099584,,
A008800,행남사,RIM,0.09,-0.0186283648099584,0.25,
A008800,행남사,DDM,0.1,-0.0386283648099584,,
A008800,행남사,RIM,0.1,-0.0386283648099584,0.25,
A008800,행남사,DDM,0.1,-0.0336283648099584,,
A008800,행남사,RIM,0.1,-0.0336283648099584,0.25,
A008800,행남사,DDM,0.1,-0.0286283648099584,,
A008800,행남사,RIM,0.1,-0.0286283648099584,0.25,
A008800,행남사,DDM,0.1,-0.023628364809958398,,
A008800,행남사,RIM,0.1,-0.023628364809958398,0.25,
A008800,행남사,DDM,0.1,-0.0186283648099584,,
A008800,행남사,RIM,0.1,-0.0186283648099584,0.25,
A068060,KCW,DDM,0.06,-0.1,,
A068060,KCW,RIM,0.06,-0.1,0.25,
A068060,KCW,DDM,0.06,-0.1,,
A068060,KCW,RIM,0.06,-0.1,0.25,
A068060,KCW,DDM,0.06,-0.1,,
A068060,KCW,RIM,0.06,-0.1,0.25,
A068060,KCW,DDM,0.06,-0.1,,
A068060,KCW,RIM,0.06,-0.1,0.25,
A068060,KCW,DDM,0.06,-0.1,,
A068060,KCW,RIM,0.06,-0.1,0.25,
A068060,KCW,DDM,0.07,-0.1,,
A068060,KCW,RIM,0.07,-0.1,0.25,
A068060,KCW,DDM,0.07,-0.1,,
A068060,KCW,RIM,0.07,-0.1,0.25,
A068060,KCW,DDM,0.07,-0.1,,
A068060,KCW,RIM,0.07,-0.1,0.25,
A068060,KCW,DDM,0.07,-0.1,,
A068060,KCW,RIM,0.07,-0.1,0.25,
A068060,KCW,DDM,0.07,-0.1,,
A068060,KCW,RIM,0.07,-0.1,0.25,
A068060,KCW,DDM,0.08,-0.1,,
A068060,KCW,RIM,0.08,-0.1,0.25,
A068060,KCW,DDM,0.08,-0.1,,
A068060,KCW,RIM,0.08,-0.1,0.25,
A068060,KCW,DDM,0.08,-0.1,,
A068060,KCW,RIM,0.08,-0.1,0.25,
A068060,KCW,DDM,0.08,-0.1,,
A068060,KCW,RIM,0.08,-0.1,0.25,
A068060,KCW,DDM,0.08,-0.1,,
A068060,KCW,RIM,0.08,-0.1,0.25,
A068060,KCW,DDM,0.09,-0.1,,
A068060,KCW,RIM,0.09,-0.1,0.25,
A068060,KCW,DDM,0.09,-0.1,,
A068060,KCW,RIM,0.09,-0.1,0.25,
A068060,KCW,DDM,0.09,-0.1,,
A068060,KCW,RIM,0.09,-0.1,0.25,
A068060,KCW,DDM,0.09,-0.1,,
A068060,KCW,RIM,0.09,-0.1,0.25,
A068060,KCW,DDM,0.09,-0.1,,
A068060,KCW,RIM,0.09,-0.1,0.25,
A068060,KCW,DDM,0.1,-0.1,,
A068060,KCW,RIM,0.1,-0.1,0.25,
A068060,KCW,DDM,0.1,-0.1,,
A068060,KCW,RIM,0.1,-0.1,0.25,
A068060,KCW,DDM,0.1,-0.1,,
A068060,KCW,RIM,0.1,-0.1,0.25,
A068060,KCW,DDM,0.1,-0.1,,
A068060,KCW,RIM,0.1,-0.1,0.25,
A068060,KCW,DDM,0.1,-0.1,,
A068060,KCW,RIM,0.1,-0.1,0.25,
A134780,화진,DDM,0.06,0.0233274826448479,,
A134780,화진,RIM,0.06,0.0233274826448479,0.3,
A134780,화진,DDM,0.06,0.028327482644847902,,
A134780,화진,RIM,0.06,0.028327482644847902,0.3,
A134780,화진,DDM,0.06,0.0333274826448479,,
A134780,화진,RIM,0.06,0.0333274826448479,0.3,
A134780,화진,DDM,0.06,0.0383274826448479,,
A134780,화진,RIM,0.06,0.0383274826448479,0.3,
A134780,화진,DDM,0.06,0.043327482644847905,,
A134780,화진,RIM,0.06,0.043327482644847905,0.3,
A134780,화진,DDM,0.07,0.0233274826448479,,
A134780,화진,RIM,0.07,0.0233274826448479,0.3,
A134780,화진,DDM,0.07,0.028327482644847902,,
A134780,화진,RIM,0.07,0.028327482644847902,0.3,
A134780,화진,DDM,0.07,0.0333274826448479,,
A134780,화진,RIM,0.07,0.0333274826448479,0.3,
A134780,화진,DDM,0.07,0.0383274826448479,,
A134780,화진,RIM,0.07,0.0383274826448479,0.3,
A134780,화진,DDM,0.07,0.043327482644847905,,
A134780,화진,RIM,0.07,0.043327482644847905,0.3,
A134780,화진,DDM,0.08,0.0233274826448479,,
A134780,화진,RIM,0.08,0.0233274826448479,0.3,
A134780,화진,DDM,0.08,0.028327482644847902,,
A134780,화진,RIM,0.08,0.028327482644847902,0.3,
A134780,화진,DDM,0.08,0.0333274826448479,,
A134780,화진,RIM,0.08,0.0333274826448479,0.3,
A134780,화진,DDM,0.08,0.0383274826448479,,
A134780,화진,RIM,0.08,0.0383274826448479,0.3,
A134780,화진,DDM,0.08,0.043327482644847905,,
A134780,화진,RIM,0.08,0.043327482644847905,0.3,
A134780,화진,DDM,0.09,0.0233274826448479,,
A134780,화진,RIM,0.09,0.0233274826448479,0.3,
A134780,화진,DDM,0.09,0.028327482644847902,,
A134780,화진,RIM,0.09,0.028327482644847902,0.3,
A134780,화진,DDM,0.09,0.0333274826448479,,
A134780,화진,RIM,0.09,0.0333274826448479,0.3,
A134780,화진,DDM,0.09,0.0383274826448479,,
A134780,화진,RIM,0.09,0.0383274826448479,0.3,
A134780,화진,DDM,0.09,0.043327482644847905,,
A134780,화진,RIM,0.09,0.043327482644847905,0.3,
A134780,화진,DDM,0.1,0.0233274826448479,,
A134780,화진,RIM,0.1,0.0233274826448479,0.3,
A134780,화진,DDM,0.1,0.028327482644847902,,
A134780,화진,RIM,0.1,0.028327482644847902,0.3,
A134780,화진,DDM,0.1,0.0333274826448479,,
A134780,화진,RIM,0.1,0.0333274826448479,0.3,
A134780,화진,DDM,0.1,0.0383274826448479,,
A134780,화진,RIM,0.1,0.0383274826448479,0.3,
A134780,화진,DDM,0.1,0.043327482644847905,,
A134780,화진,RIM,0.1,0.043327482644847905,0.3,
A111870,KH 미래물산,DDM,0.06,-0.1,0.25,-0.0019238495344213538
A111870,KH 미래물산,RIM,0.06,-0.1,0.25,0.5120700544625635
A111870,KH 미래물산,DDM,0.06,-0.1,0.25,-0.0019238495344213538
A111870,KH 미래물산,RIM,0.06,-0.1,0.25,0.5120700544625635
A111870,KH 미래물산,DDM,0.06,-0.1,0.25,-0.0019238495344213538
A111870,KH 미래물산,RIM,0.06,-0.1,0.25,0.5120700544625635
A111870,KH 미래물산,DDM,0.06,-0.1,0.25,-0.0019238495344213538
A111870,KH 미래물산,RIM,0.06,-0.1,0.25,0.5120700544625635
A111870,KH 미래물산,DDM,0.06,-0.1,0.25,-0.0019238495344213538
A111870,KH 미래물산,RIM,0.06,-0.1,0.25,0.5120700544625635
A111870,KH 미래물산,DDM,0.07,-0.1,0.25,-0.0018106819147495094
A111870,KH 미래물산,RIM,0.07,-0.1,0.25,0.4597963467933619
A111870,KH 미래물산,DDM,0.07,-0.1,0.25,-0.0018106819147495094
A111870,KH 미래물산,RIM,0.07,-0.1,0.25,0.4597963467933619
A111870,KH 미래물산,DDM,0.07,-0.1,0.25,-0.0018106819147495094
A111870,KH 미래물산,RIM,0.07,-0.1,0.25,0.4597963467933619
A111870,KH 미래물산,DDM,0.07,-0.1,0.25,-0.0018106819147495094
A111870,KH 미래물산,RIM,0.07,-0.1,0.25,0.4597963467933619
A111870,KH 미래물산,DDM,0.07,-0.1,0.25,-0.0018106819147495094
A111870,KH 미래물산,RIM,0.07,-0.1,0.25,0.4597963467933619
A111870,KH 미래물산,DDM,0.08,-0.1,0.25,-0.0017100884750412034
A111870,KH 미래물산,RIM,0.08,-0.1,0.25,0.4144710442788553
A111870,KH 미래물산,DDM,0.08,-0.1,0.25,-0.0017100884750412034
A111870,KH 미래물산,RIM,0.08,-0.1,0.25,0.4144710442788553
A111870,KH 미래물산,DDM,0.08,-0.1,0.25,-0.0017100884750412034
A111870,KH 미래물산,RIM,0.08,-0.1,0.25,0.4144710442788553
A111870,KH 미래물산,DDM,0.08,-0.1,0.25,-0.0017100884750412034
A111870,KH 미래물산,RIM,0.08,-0.1,0.25,0.4144710442788553
A111870,KH 미래물산,DDM,0.08,-0.1,0.25,-0.0017100884750412034
A111870,KH 미래물산,RIM,0.08,-0.1,0.25,0.4144710442788553
A111870,KH 미래물산,DDM,0.09,-0.1,0.25,-0.0016200838184600873
A111870,KH 미래물산,RIM,0.09,-0.1,0.25,0.37492895367197737
A111870,KH 미래물산,DDM,0.09,-0.1,0.25,-0.0016200838184600873
A111870,KH 미래물산,RIM,0.09,-0.1,0.25,0.37492895367197737
A111870,KH 미래물산,DDM,0.09,-0.1,0.25,-0.0016200838184600873
A111870,KH 미래물산,RIM,0.09,-0.1,0.25,0.37492895367197737
A111870,KH 미래물산,DDM,0.09,-0.1,0.25,-0.0016200838184600873
A111870,KH 미래물산,RIM,0.09,-0.1,0.25,0.37492895367197737
A111870,KH 미래물산,DDM,0.09,-0.1,0.25,-0.0016200838184600873
A111870,KH 미래물산,RIM,0.09,-0.1,0.25,0.37492895367197737
A111870,KH 미래물산,DDM,0.1,-0.1,0.25,-0.001539079627537083
A111870,KH 미래물산,RIM,0.1,-0.1,0.25,0.34024253726718723
A111870,KH 미래물산,DDM,0.1,-0.1,0.25,-0.001539079627537083
A111870,KH 미래물산,RIM,0.1,-0.1,0.25,0.34024253726718723
A111870,KH 미래물산,DDM,0.1,-0.1,0.25,-0.001539079627537083
A111870,KH 미래물산,RIM,0.1,-0.1,0.25,0.34024253726718723
A111870,KH 미래물산,DDM,0.1,-0.1,0.25,-0.001539079627537083
A111870,KH 미래물산,RIM,0.1,-0.1,0.25,0.34024253726718723
A111870,KH 미래물산,DDM,0.1,-0.1,0.25,-0.001539079627537083
A111870,KH 미래물산,RIM,0.1,-0.1,0.25,0.34024253726718723
A003240,태광산업,DDM,0.06,0.04,0.25,2.1773399554906896
A003240,태광산업,RIM,0.06,0.04,0.25,-534.0231394670243
A003240,태광산업,DDM,0.06,0.045000000000000005,0.25,2.9170772480612452
A003240,태광산업,RIM,0.06,0.045000000000000005,0.25,-802.2307125084754
A003240,태광산업,DDM,0.06,0.05,0.25,4.396551833202356
A003240,태광산업,RIM,0.06,0.05,0.25,-1338.6463833321843
A003240,태광산업,DDM,0.06,0.05,0.25,4.396551833202356
A003240,태광산업,RIM,0.06,0.05,0.25,-1338.6463833321843
A003240,태광산업,DDM,0.06,0.05,0.25,4.396551833202356
A003240,태광산업,RIM,0.06,0.05,0.25,-1338.6463833321843
A003240,태광산업,DDM,0.07,0.04,0.25,1.451559970327126
A003240,태광산업,RIM,0.07,0.04,0.25,-339.6566964996183
A003240,태광산업,DDM,0.07,0.045000000000000005,0.25,1.7502463488367461
A003240,태광산업,RIM,0.07,0.045000000000000005,0.25,-459.2266792716469
A003240,태광산업,DDM,0.07,0.05,0.25,2.1982759166011765
A003240,태광산업,RIM,0.07,0.05,0.25,-638.5819140030806
A003240,태광산업,DDM,0.07,0.05,0.25,2.1982759166011765
A003240,태광산업,RIM,0.07,0.05,0.25,-638.5819140030806
A003240,태광산업,DDM,0.07,0.05,0.25,2.1982759166011765
A003240,태광산업,RIM,0.07,0.05,0.25,-638.5819140030806
A003240,태광산업,DDM,0.08,0.04,0.25,1.0886699777453446
A003240,태광산업,RIM,0.08,0.04,0.25,-243.14155861284857
A003240,태광산업,DDM,0.08,0.045000000000000005,0.25,1.2501759634548189
A003240,태광산업,RIM,0.08,0.045000000000000005,0.25,-313.0851090295974
A003240,태광산업,DDM,0.08,0.05,0.25,1.4655172777341179
A003240,태광산업,RIM,0.08,0.05,0.25,-406.3433486047276
A003240,태광산업,DDM,0.08,0.05,0.25,1.4655172777341179
A003240,태광산업,RIM,0.08,0.05,0.25,-406.3433486047276
A003240,태광산업,DDM,0.08,0.05,0.25,1.4655172777341179
A003240,태광산업,RIM,0.08,0.05,0.25,-406.3433486047276
A003240,태광산업,DDM,0.09,0.04,0.25,0.8709359821962758
A003240,태광산업,RIM,0.09,0.04,0.25,-185.73328144607285
A003240,태광산업,DDM,0.09,0.045000000000000005,0.25,0.9723590826870814
A003240,태광산업,RIM,0.09,0.045000000000000005,0.25,-232.5222202145935
A003240,태광산업,DDM,0.09,0.05,0.25,1.0991379583005885
A003240,태광산업,RIM,0.09,0.05,0.25,-291.00852180951347
A003240,태광산업,DDM,0.09,0.05,0.25,1.0991379583005885
A003240,태광산업,RIM,0.09,0.05,0.25,-291.00852180951347
A003240,태광산업,DDM,0.09,0.05,0.25,1.0991379583005885
A003240,태광산업,RIM,0.09,0.05,0.25,-291.00852180951347
A003240,태광산업,DDM,0.1,0.04,0.25,0.725779985163563
A003240,태광산업,RIM,0.1,0.04,0.25,-147.8523850776962
A003240,태광산업,DDM,0.1,0.045000000000000005,0.25,0.795566522198521
A003240,태광산업,RIM,0.1,0.045000000000000005,0.25,-181.73580542248254
A003240,태광산업,DDM,0.1,0.05,0.25,0.8793103666404707
A003240,태광산업,RIM,0.1,0.05,0.25,-222.3960113638799
A003240,태광산업,DDM,0.1,0.05,0.25,0.8793103666404707
A003240,태광산업,RIM,0.1,0.05,0.25,-222.3960113638799
A003240,태광산업,DDM,0.1,0.05,0.25,0.8793103666404707
A003240,태광산업,RIM,0.1,0.05,0.25,-222.3960113638799
